"","Cod_setor","Cod_Grandes Regiões","Nome_Grande_Regiao","Cod_UF","Nome_da_UF","Cod_meso","Nome_da_meso","Cod_micro","Nome_da_micro","Cod_RM","Nome_da_RM","Cod_municipio","Nome_do_municipio","Cod_distrito","Nome_do_distrito","Cod_subdistrito","Nome_do_subdistrito","Cod_bairro","Nome_do_bairro","Situacao_setor.x","Tipo_setor","V001.x","V002.x","V003.x","V004.x","V005.x","V006.x","V007.x","V008.x","V009.x","V010.x","V011.x","V012.x","X34","Situacao_setor.y","V001.y","V002.y","V003.y","V004.y","V005.y","V006.y","V007.y","V008.y","V009.y","V010.y","V011.y","V012.y","V013","V014","V015","V016","V017","V018","V019","V020","V021","V022","V023","V024","V025","V026","V027","V028","V029","V030","V031","V032","V033","V034","V035","V036","V037","V038","V039","V040","V041","V042","V043","V044","V045","V046","V047","V048","V049","V050","V051","V052","V053","V054","V055","V056","V057","V058","V059","V060","V061","V062","V063","V064","V065","V066","V067","V068","V069","V070","V071","V072","V073","V074","V075","V076","V077","V078","V079","V080","V081","V082","V083","V084","V085","V086","V087","V088","V089","V090","V091","V092","V093","V094","V095","V096","V097","V098","V099","V100","V101","V102","V103","V104","V105","V106","V107","V108","V109","V110","V111","V112","V113","V114","V115","V116","V117","V118","V119","V120","V121","V122","V123","V124","V125","V126","V127","V128","V129","V130","V131","V132","V133","V134","V135","V136","V137","V138","V139","V140","V141","V142","V143","V144","V145","V146","V147","V148","V149","V150","V151","V152","V153","V154","V155","V156","V157","V158","V159","V160","V161","V162","V163","V164","V165","V166","V167","V168","V169","V170","V171","V172","V173","V174","V175","V176","V177","V178","V179","V180","V181","V182","V183","V184","V185","V186","V187","V188","V189","V190","V191","V192","V193","V194","V195","V196","V197","V198","V199","V200","V201","V202","V203","V204","V205","V206","V207","V208","V209","V210","V211","V212","V213","V214","V215","V216","V217","V218","V219","V220","V221","V222","V223","V224","V225","V226","V227","V228","V229","V230","V231","V232","V233","V234","V235","V236","V237","V238","V239","V240","V241","X244","Mulheres","Homens","Responsavel"
"1",250970105000001,2,"Região Nordeste",25,"Paraiba",2502,"Borborema",25010,"Cariri Ocidental","00","Municípios não pertencentes a estrutura de RM",2509701,"MONTEIRO",250970105,"MONTEIRO",25097010500,"MONTEIRO",2509701000,"MONTEIRO (todos os setores)",1,0,196,534,2.72,2.14,1066.53,4431625.52,1282.45,5055742.93,755.23,2442303.9,1075.36,3135366.13,NA,1,196,196,"191","0","5","118","0","62","0","16","0","187","2","0","7","196","187","1","0","0","0","8","0","194","140","40","8","4","1","1","0","0","0","2","196","196","0","0","0","0","0","0","196","196","0","0","180","6","10","47","49","47","31","11","8","3","0","0","0","49","17","16","10","10","0","2","1","16","1","0","0","0","0","0","15","4","2","0","0","0","33","37","21","11","6","2","31","23","12","6","2","1","0","10","7","0","0","1","0","118","0","57","0","16","0","182","2","0","7","191","182","1","0","0","0","8","0","189","135","40","8","6","2","191","191","0","0","0","0","0","0","191","191","0","0","178","6","7","0","0","0","0","0","0","0","0","0","0","0","0","0","0","0","0","0","0","0","0","0","0","0","0","0","0","0","0","0","0","0","0","0","0","0","0","0","0","0","0","0","5","0","0","0","5","0","0","0","5","5","0","0","0","0","0","0","5","5","0","0","0","0","5","5","0","0","0","0","0","0","5","5","0","0","2","0","3","187","2","0","7","196","187","1","0","0","0","8","0","194","0","0","0","0","0","0","0","0","0","0","0","0",NA,203,77,"Mulheres"
"2",250970105000002,2,"Região Nordeste",25,"Paraiba",2502,"Borborema",25010,"Cariri Ocidental","00","Municípios não pertencentes a estrutura de RM",2509701,"MONTEIRO",250970105,"MONTEIRO",25097010500,"MONTEIRO",2509701000,"MONTEIRO (todos os setores)",1,0,219,669,3.05,2.19,969.68,2046007.3,1035.9,2117483.69,539.24,1001384.07,787.26,1267398.28,NA,1,219,219,"213","1","5","140","0","64","0","12","3","213","2","0","4","219","146","10","55","0","0","8","0","219","173","41","5","0","0","0","0","0","0","0","216","213","3","1","0","0","0","2","219","219","0","0","216","3","0","35","54","45","51","22","8","3","1","0","0","32","27","21","30","30","13","3","4","25","2","0","0","0","0","0","19","15","4","3","0","0","33","15","21","9","5","0","10","18","6","6","1","0","0","15","5","1","1","0","0","136","0","62","0","12","3","207","2","0","4","213","140","10","55","0","0","8","0","213","169","39","5","0","0","210","207","3","1","0","0","0","2","213","213","0","0","211","2","0","1","0","0","0","0","0","1","0","0","0","1","1","0","0","0","0","0","0","1","1","0","0","0","0","1","1","0","0","0","0","0","0","1","1","0","0","1","0","0","3","0","2","0","0","0","5","0","0","0","5","5","0","0","0","0","0","0","5","3","2","0","0","0","5","5","0","0","0","0","0","0","5","5","0","0","4","1","0","212","2","0","2","216","146","9","53","0","0","8","0","216","1","0","0","2","3","0","1","2","0","0","0","0",NA,146,169,"Homens"
"3",250970105000003,2,"Região Nordeste",25,"Paraiba",2502,"Borborema",25010,"Cariri Ocidental","00","Municípios não pertencentes a estrutura de RM",2509701,"MONTEIRO",250970105,"MONTEIRO",25097010500,"MONTEIRO",2509701000,"MONTEIRO (todos os setores)",1,0,293,871,2.97,2.91,2345.36,12461810.37,2489.82,12871187.43,1574.65,95373783.38,2302.78,137878368.01,NA,1,293,293,"269","0","24","191","1","82","2","17","0","268","18","0","7","293","258","5","28","0","0","2","0","293","130","105","42","10","4","1","1","0","0","0","293","291","2","0","0","0","0","0","291","291","0","2","284","6","1","50","84","74","44","16","15","2","5","1","2","67","16","41","46","23","11","7","2","13","2","1","0","0","0","0","39","25","3","0","0","0","43","28","21","5","8","8","37","23","9","7","0","0","0","20","8","2","0","0","0","184","1","68","1","15","0","245","17","0","7","269","237","5","26","0","0","1","0","269","115","98","40","16","0","269","267","2","0","0","0","0","0","267","267","0","2","264","3","0","0","0","0","0","0","0","0","0","0","0","0","0","0","0","0","0","0","0","0","0","0","0","0","0","0","0","0","0","0","0","0","0","0","0","0","0","0","0","0","7","0","14","1","2","0","23","1","0","0","24","21","0","2","0","0","1","0","24","15","7","2","0","0","24","24","0","0","0","0","0","0","24","24","0","0","20","3","1","268","18","0","7","293","258","5","28","0","0","2","0","293","0","0","0","0","0","0","0","0","0","0","0","0",NA,219,213,"Mulheres"
"4",250970105000004,2,"Região Nordeste",25,"Paraiba",2502,"Borborema",25010,"Cariri Ocidental","00","Municípios não pertencentes a estrutura de RM",2509701,"MONTEIRO",250970105,"MONTEIRO",25097010500,"MONTEIRO",2509701000,"MONTEIRO (todos os setores)",1,0,348,1055,3.03,1.82,1129.33,2431036.31,1259.64,2547773.74,650.97,1448243.83,1071.55,1934150.89,NA,1,357,348,"343","2","3","239","1","86","2","20","0","325","16","1","6","347","323","0","24","0","0","0","1","347","207","103","29","6","1","1","0","0","0","1","348","348","0","0","0","0","0","0","348","348","0","0","348","0","0","45","87","90","82","33","6","3","2","0","0","56","19","36","53","57","25","5","2","19","0","0","0","0","0","0","36","22","19","1","0","0","51","37","25","8","1","3","26","32","16","7","0","0","1","19","8","3","0","0","0","236","1","84","2","20","0","320","16","1","6","342","318","0","24","0","0","0","1","342","203","103","28","8","1","343","343","0","0","0","0","0","0","343","343","0","0","343","0","0","1","0","1","0","0","0","2","0","0","0","2","2","0","0","0","0","0","0","2","1","0","1","0","0","2","2","0","0","0","0","0","0","2","2","0","0","2","0","0","2","0","1","0","0","0","3","0","0","0","3","3","0","0","0","0","0","0","3","3","0","0","0","0","3","3","0","0","0","0","0","0","3","3","0","0","3","0","0","325","16","1","6","347","323","0","24","0","0","0","1","347","0","0","0","0","0","0","0","0","0","0","0","0",NA,237,275,"Homens"
"5",250970105000005,2,"Região Nordeste",25,"Paraiba",2502,"Borborema",25010,"Cariri Ocidental","00","Municípios não pertencentes a estrutura de RM",2509701,"MONTEIRO",250970105,"MONTEIRO",25097010500,"MONTEIRO",2509701000,"MONTEIRO (todos os setores)",1,0,273,870,3.19,2.23,819.73,1175114.56,860.72,1198683.27,480.96,656330.38,679.94,792841.12,NA,1,273,273,"273","0","0","193","2","52","0","26","0","266","1","0","6","272","246","0","21","1","4","0","1","272","223","47","2","0","0","0","0","0","0","1","273","273","0","0","0","0","0","0","269","269","0","4","258","10","1","34","60","76","54","32","12","2","1","2","0","31","19","40","58","40","21","10","4","16","3","0","0","0","0","0","37","29","10","3","0","0","20","18","14","11","2","1","18","12","4","1","0","0","0","8","4","1","0","0","0","193","2","52","0","26","0","266","1","0","6","272","246","0","21","1","4","0","1","272","223","47","2","0","1","273","273","0","0","0","0","0","0","269","269","0","4","258","10","1","0","0","0","0","0","0","0","0","0","0","0","0","0","0","0","0","0","0","0","0","0","0","0","0","0","0","0","0","0","0","0","0","0","0","0","0","0","0","0","0","0","0","0","0","0","0","0","0","0","0","0","0","0","0","0","0","0","0","0","0","0","0","0","0","0","0","0","0","0","0","0","0","0","0","0","0","0","0","266","1","0","6","272","246","0","21","1","4","0","1","272","0","0","0","0","0","0","0","0","0","0","0","0",NA,114,271,"Homens"
"6",250970105000006,2,"Região Nordeste",25,"Paraiba",2502,"Borborema",25010,"Cariri Ocidental","00","Municípios não pertencentes a estrutura de RM",2509701,"MONTEIRO",250970105,"MONTEIRO",25097010500,"MONTEIRO",2509701000,"MONTEIRO (todos os setores)",1,0,202,643,3.18,2.19,630,902207.17,691.63,948090.45,365.79,465973.11,610.8,628960.78,NA,1,202,202,"202","0","0","139","0","56","0","7","0","196","3","0","3","202","198","3","1","0","0","0","0","202","150","48","3","1","0","0","0","0","0","0","202","200","2","0","0","0","0","0","202","202","0","0","191","8","3","22","46","62","39","22","4","4","2","1","0","33","5","19","32","19","17","2","4","4","1","0","0","0","0","0","18","18","8","0","0","0","27","30","20","5","2","3","18","17","12","4","0","0","0","10","4","0","1","0","0","139","0","56","0","7","0","196","3","0","3","202","198","3","1","0","0","0","0","202","150","48","3","1","0","202","200","2","0","0","0","0","0","202","202","0","0","191","8","3","0","0","0","0","0","0","0","0","0","0","0","0","0","0","0","0","0","0","0","0","0","0","0","0","0","0","0","0","0","0","0","0","0","0","0","0","0","0","0","0","0","0","0","0","0","0","0","0","0","0","0","0","0","0","0","0","0","0","0","0","0","0","0","0","0","0","0","0","0","0","0","0","0","0","0","0","0","0","196","3","0","3","202","198","3","1","0","0","0","0","202","0","0","0","0","0","0","0","0","0","0","0","0",NA,153,142,"Mulheres"
"7",250970105000007,2,"Região Nordeste",25,"Paraiba",2502,"Borborema",25010,"Cariri Ocidental","00","Municípios não pertencentes a estrutura de RM",2509701,"MONTEIRO",250970105,"MONTEIRO",25097010500,"MONTEIRO",2509701000,"MONTEIRO (todos os setores)",1,0,232,728,3.14,3.72,379.1,120294.84,410.99,117294.03,237.9,108786.84,371.27,120287.9,NA,1,232,232,"232","0","0","152","0","50","2","28","0","226","0","0","6","227","208","16","0","3","0","0","5","223","213","10","0","0","0","0","0","0","0","9","232","232","0","0","0","0","0","0","230","230","0","2","220","1","9","37","67","53","35","14","12","6","5","1","2","39","20","24","21","19","4","4","4","16","2","2","0","0","0","0","22","12","1","1","0","0","43","32","16","10","8","10","21","33","16","6","1","0","0","10","6","2","0","0","0","152","0","50","2","28","0","226","0","0","6","227","208","16","0","3","0","0","5","223","213","10","0","0","9","232","232","0","0","0","0","0","0","230","230","0","2","220","1","9","0","0","0","0","0","0","0","0","0","0","0","0","0","0","0","0","0","0","0","0","0","0","0","0","0","0","0","0","0","0","0","0","0","0","0","0","0","0","0","0","0","0","0","0","0","0","0","0","0","0","0","0","0","0","0","0","0","0","0","0","0","0","0","0","0","0","0","0","0","0","0","0","0","0","0","0","0","0","226","0","0","6","227","208","16","0","3","0","0","5","223","0","0","0","0","0","0","0","0","0","0","0","0",NA,214,132,"Mulheres"
"8",250970105000008,2,"Região Nordeste",25,"Paraiba",2502,"Borborema",25010,"Cariri Ocidental","00","Municípios não pertencentes a estrutura de RM",2509701,"MONTEIRO",250970105,"MONTEIRO",25097010500,"MONTEIRO",2509701000,"MONTEIRO (todos os setores)",1,0,305,1032,3.38,2.82,415.86,201507.79,469.77,202308.11,253.16,152814.56,422.74,183550.61,NA,1,305,305,"303","0","2","192","2","48","1","62","0","284","3","0","18","304","262","7","5","8","2","20","1","302","281","21","0","0","0","0","0","0","0","3","303","302","1","2","0","0","0","0","301","301","0","4","284","10","7","34","68","63","80","34","14","5","4","0","3","33","19","20","35","40","17","5","5","16","2","1","0","0","0","0","18","14","8","2","0","0","48","28","40","17","9","7","18","34","15","7","3","0","0","14","1","0","0","0","0","190","2","48","1","62","0","282","3","0","18","302","260","7","5","8","2","20","1","300","279","21","0","0","3","301","300","1","2","0","0","0","0","299","299","0","4","283","9","7","0","0","0","0","0","0","0","0","0","0","0","0","0","0","0","0","0","0","0","0","0","0","0","0","0","0","0","0","0","0","0","0","0","0","0","0","0","0","0","2","0","0","0","0","0","2","0","0","0","2","2","0","0","0","0","0","0","2","2","0","0","0","0","2","2","0","0","0","0","0","0","2","2","0","0","1","1","0","282","3","0","18","302","261","6","5","8","2","20","1","300","2","0","0","0","2","1","1","0","0","0","0","0",NA,241,183,"Mulheres"
"9",250970105000009,2,"Região Nordeste",25,"Paraiba",2502,"Borborema",25010,"Cariri Ocidental","00","Municípios não pertencentes a estrutura de RM",2509701,"MONTEIRO",250970105,"MONTEIRO",25097010500,"MONTEIRO",2509701000,"MONTEIRO (todos os setores)",1,0,192,613,3.19,1.86,708.42,1165861.3,800.1,1243844.53,403.48,544863.17,635.56,711264.4,NA,1,192,192,"192","0","0","135","0","34","0","23","0","187","1","1","3","192","191","1","0","0","0","0","0","192","144","43","4","1","0","0","0","0","0","0","192","192","0","0","0","0","0","0","192","192","0","0","192","0","0","17","47","53","47","18","7","1","2","0","0","25","11","26","29","36","12","3","3","9","1","1","0","0","0","0","25","13","9","3","0","0","21","24","11","6","4","0","8","13","5","3","0","0","0","8","9","0","0","0","0","135","0","34","0","23","0","187","1","1","3","192","191","1","0","0","0","0","0","192","144","43","4","1","0","192","192","0","0","0","0","0","0","192","192","0","0","192","0","0","0","0","0","0","0","0","0","0","0","0","0","0","0","0","0","0","0","0","0","0","0","0","0","0","0","0","0","0","0","0","0","0","0","0","0","0","0","0","0","0","0","0","0","0","0","0","0","0","0","0","0","0","0","0","0","0","0","0","0","0","0","0","0","0","0","0","0","0","0","0","0","0","0","0","0","0","0","0","187","1","1","3","192","191","1","0","0","0","0","0","192","0","0","0","0","0","0","0","0","0","0","0","0",NA,112,170,"Homens"
"10",250970105000010,2,"Região Nordeste",25,"Paraiba",2502,"Borborema",25010,"Cariri Ocidental","00","Municípios não pertencentes a estrutura de RM",2509701,"MONTEIRO",250970105,"MONTEIRO",25097010500,"MONTEIRO",2509701000,"MONTEIRO (todos os setores)",1,0,193,576,2.98,1.93,977.78,3118744.15,1031.21,3234703.1,582.97,1589100.48,904.06,2175856.57,NA,1,193,193,"181","1","11","127","3","42","0","21","0","188","2","0","3","192","192","0","0","0","0","0","1","190","119","53","16","1","1","0","0","0","0","3","192","191","1","0","0","1","0","0","193","193","0","0","190","3","0","24","59","44","40","17","8","0","0","1","0","28","12","35","27","28","10","6","0","9","3","0","0","0","0","0","32","12","7","2","0","0","24","17","12","7","2","1","15","14","5","0","0","0","0","10","2","1","0","0","0","120","3","37","0","21","0","176","2","0","3","180","180","0","0","0","0","0","1","178","112","49","15","2","3","180","179","1","0","0","1","0","0","181","181","0","0","180","1","0","0","0","1","0","0","0","1","0","0","0","1","1","0","0","0","0","0","0","1","1","0","0","0","0","1","1","0","0","0","0","0","0","1","1","0","0","1","0","0","7","0","4","0","0","0","11","0","0","0","11","11","0","0","0","0","0","0","11","6","4","1","0","0","11","11","0","0","0","0","0","0","11","11","0","0","9","2","0","187","2","0","3","191","191","0","0","0","0","0","1","189","1","0","0","0","1","1","0","0","0","0","0","0",NA,110,171,"Homens"
"11",250970105000011,2,"Região Nordeste",25,"Paraiba",2502,"Borborema",25010,"Cariri Ocidental","00","Municípios não pertencentes a estrutura de RM",2509701,"MONTEIRO",250970105,"MONTEIRO",25097010500,"MONTEIRO",2509701000,"MONTEIRO (todos os setores)",1,0,176,453,2.57,1.8,978.02,2544980.95,1030.72,2628307.66,645.05,1412175.46,915.71,1758068.21,NA,1,176,176,"176","0","0","110","0","46","0","20","0","174","2","0","0","176","175","0","0","0","0","1","0","176","125","34","10","5","1","0","0","1","0","0","176","176","0","0","0","0","0","0","176","176","0","0","175","1","0","43","54","36","26","13","3","1","0","0","0","42","19","29","19","19","8","3","0","16","3","0","0","0","0","0","26","14","5","3","0","0","25","17","7","5","0","1","27","14","4","0","1","0","0","11","2","2","0","0","0","110","0","46","0","20","0","174","2","0","0","176","175","0","0","0","0","1","0","176","125","34","10","7","0","176","176","0","0","0","0","0","0","176","176","0","0","175","1","0","0","0","0","0","0","0","0","0","0","0","0","0","0","0","0","0","0","0","0","0","0","0","0","0","0","0","0","0","0","0","0","0","0","0","0","0","0","0","0","0","0","0","0","0","0","0","0","0","0","0","0","0","0","0","0","0","0","0","0","0","0","0","0","0","0","0","0","0","0","0","0","0","0","0","0","0","0","0","174","2","0","0","176","175","0","0","0","0","1","0","176","0","0","0","0","0","0","0","0","0","0","0","0",NA,116,145,"Homens"
"12",250970105000012,2,"Região Nordeste",25,"Paraiba",2502,"Borborema",25010,"Cariri Ocidental","00","Municípios não pertencentes a estrutura de RM",2509701,"MONTEIRO",250970105,"MONTEIRO",25097010500,"MONTEIRO",2509701000,"MONTEIRO (todos os setores)",1,0,238,682,2.87,1.89,729.66,834191.78,819.15,863332.35,465.54,506181.76,704.22,597846.3,NA,1,238,238,"238","0","0","151","1","46","0","40","0","231","2","0","5","237","224","0","13","0","0","0","1","237","185","44","7","1","0","0","0","0","0","1","238","238","0","0","0","0","0","0","237","237","0","1","235","1","1","37","66","69","38","20","4","3","0","1","0","46","16","27","48","30","15","2","3","13","3","0","0","0","0","0","24","25","8","0","0","0","39","21","8","5","2","1","24","24","8","3","0","0","0","15","5","2","0","0","0","151","1","46","0","40","0","231","2","0","5","237","224","0","13","0","0","0","1","237","185","44","7","1","1","238","238","0","0","0","0","0","0","237","237","0","1","235","1","1","0","0","0","0","0","0","0","0","0","0","0","0","0","0","0","0","0","0","0","0","0","0","0","0","0","0","0","0","0","0","0","0","0","0","0","0","0","0","0","0","0","0","0","0","0","0","0","0","0","0","0","0","0","0","0","0","0","0","0","0","0","0","0","0","0","0","0","0","0","0","0","0","0","0","0","0","0","0","231","2","0","5","237","224","0","13","0","0","0","1","237","0","0","0","0","0","0","0","0","0","0","0","0",NA,157,198,"Homens"
"13",250970105000013,2,"Região Nordeste",25,"Paraiba",2502,"Borborema",25010,"Cariri Ocidental","00","Municípios não pertencentes a estrutura de RM",2509701,"MONTEIRO",250970105,"MONTEIRO",25097010500,"MONTEIRO",2509701000,"MONTEIRO (todos os setores)",1,0,192,610,3.18,2.17,645.06,746206.23,673.11,759845.97,361.51,390788.07,551.32,491626.94,NA,1,195,192,"189","1","2","130","0","47","1","14","0","183","2","0","7","188","127","35","20","6","0","0","4","188","159","25","4","0","0","0","0","0","0","4","185","184","1","5","0","2","0","0","190","188","2","2","181","6","1","25","43","43","52","19","7","0","2","1","0","19","15","29","34","38","11","3","1","13","0","1","1","0","0","0","29","21","11","1","1","0","14","9","14","8","4","2","12","10","2","2","0","0","0","4","2","0","1","0","0","128","0","46","1","14","0","181","1","0","7","185","126","34","19","6","0","0","4","185","158","23","4","0","4","182","181","1","5","0","2","0","0","187","185","2","2","179","5","1","0","0","1","0","0","0","1","0","0","0","1","1","0","0","0","0","0","0","1","1","0","0","0","0","1","1","0","0","0","0","0","0","1","1","0","0","1","0","0","2","0","0","0","0","0","1","1","0","0","2","0","1","1","0","0","0","0","2","0","2","0","0","0","2","2","0","0","0","0","0","0","2","2","0","0","1","1","0","178","2","0","5","182","125","34","17","6","0","0","3","182","5","0","0","2","6","2","1","3","0","0","0","1",NA,84,194,"Homens"
"14",250970105000014,2,"Região Nordeste",25,"Paraiba",2502,"Borborema",25010,"Cariri Ocidental","00","Municípios não pertencentes a estrutura de RM",2509701,"MONTEIRO",250970105,"MONTEIRO",25097010500,"MONTEIRO",2509701000,"MONTEIRO (todos os setores)",1,0,268,711,2.65,1.52,717.5,1467693.52,745.31,1503994.65,455.55,771820.81,649.48,974893.81,NA,1,280,268,"265","0","3","138","0","91","0","29","10","250","5","0","13","266","236","0","0","0","0","30","2","264","223","35","4","2","0","0","0","0","0","4","268","255","13","0","0","0","0","0","268","268","0","0","255","10","3","51","79","72","51","11","2","1","1","0","0","46","28","38","47","26","4","1","2","25","3","0","0","0","0","0","35","19","4","0","0","0","41","25","25","7","1","0","26","29","8","6","0","0","0","12","6","2","0","0","0","138","0","88","0","29","10","247","5","0","13","263","233","0","0","0","0","30","2","261","220","35","4","2","4","265","252","13","0","0","0","0","0","265","265","0","0","252","10","3","0","0","0","0","0","0","0","0","0","0","0","0","0","0","0","0","0","0","0","0","0","0","0","0","0","0","0","0","0","0","0","0","0","0","0","0","0","0","0","0","0","3","0","0","0","3","0","0","0","3","3","0","0","0","0","0","0","3","3","0","0","0","0","3","3","0","0","0","0","0","0","3","3","0","0","3","0","0","250","5","0","13","266","236","0","0","0","0","30","2","264","0","0","0","0","0","0","0","0","0","0","0","0",NA,188,204,"Homens"
"15",250970105000015,2,"Região Nordeste",25,"Paraiba",2502,"Borborema",25010,"Cariri Ocidental","00","Municípios não pertencentes a estrutura de RM",2509701,"MONTEIRO",250970105,"MONTEIRO",25097010500,"MONTEIRO",2509701000,"MONTEIRO (todos os setores)",1,0,308,868,2.82,1.72,639.56,434705.17,667.75,435043.01,394.98,281567.37,582.69,306053.09,NA,1,308,308,"308","0","0","213","0","85","0","10","0","302","1","0","5","308","305","1","2","0","0","0","0","308","263","41","3","0","1","0","0","0","0","0","308","308","0","0","0","0","0","0","306","306","0","2","295","11","0","52","87","75","65","18","10","1","0","0","0","59","24","49","51","43","13","7","0","23","1","0","0","0","0","0","48","30","7","1","0","0","38","24","22","5","3","1","29","19","5","5","0","0","0","19","8","2","0","1","0","213","0","85","0","10","0","302","1","0","5","308","305","1","2","0","0","0","0","308","263","41","3","1","0","308","308","0","0","0","0","0","0","306","306","0","2","295","11","0","0","0","0","0","0","0","0","0","0","0","0","0","0","0","0","0","0","0","0","0","0","0","0","0","0","0","0","0","0","0","0","0","0","0","0","0","0","0","0","0","0","0","0","0","0","0","0","0","0","0","0","0","0","0","0","0","0","0","0","0","0","0","0","0","0","0","0","0","0","0","0","0","0","0","0","0","0","0","302","1","0","5","308","305","1","2","0","0","0","0","308","0","0","0","0","0","0","0","0","0","0","0","0",NA,181,273,"Homens"
"16",250970105000016,2,"Região Nordeste",25,"Paraiba",2502,"Borborema",25010,"Cariri Ocidental","00","Municípios não pertencentes a estrutura de RM",2509701,"MONTEIRO",250970105,"MONTEIRO",25097010500,"MONTEIRO",2509701000,"MONTEIRO (todos os setores)",1,0,175,547,3.13,1.72,843.32,1218242.33,858.03,1226920.39,426.87,635436.28,720.54,861788,NA,1,175,175,"173","0","2","118","0","45","0","12","0","172","1","0","2","175","171","0","4","0","0","0","0","174","133","36","4","0","1","0","0","0","0","1","175","175","0","0","0","0","0","0","175","175","0","0","167","7","1","20","33","63","32","20","5","2","0","0","0","19","11","20","43","29","19","3","1","10","0","1","0","0","0","0","20","23","13","0","0","0","13","20","3","1","2","1","10","9","10","1","0","0","0","4","5","0","0","0","0","117","0","44","0","12","0","170","1","0","2","173","169","0","4","0","0","0","0","172","132","35","4","1","1","173","173","0","0","0","0","0","0","173","173","0","0","166","6","1","0","0","0","0","0","0","0","0","0","0","0","0","0","0","0","0","0","0","0","0","0","0","0","0","0","0","0","0","0","0","0","0","0","0","0","0","0","0","0","1","0","1","0","0","0","2","0","0","0","2","2","0","0","0","0","0","0","2","1","1","0","0","0","2","2","0","0","0","0","0","0","2","2","0","0","1","1","0","172","1","0","2","175","171","0","4","0","0","0","0","174","0","0","0","0","0","0","0","0","0","0","0","0",NA,79,182,"Homens"
"17",250970105000017,2,"Região Nordeste",25,"Paraiba",2502,"Borborema",25010,"Cariri Ocidental","00","Municípios não pertencentes a estrutura de RM",2509701,"MONTEIRO",250970105,"MONTEIRO",25097010500,"MONTEIRO",2509701000,"MONTEIRO (todos os setores)",1,0,304,879,2.89,1.89,515.15,194142.37,593.2,177192.15,339.34,183134.95,543.37,182381.32,NA,1,305,304,"302","0","2","204","0","77","0","23","0","303","0","0","1","303","299","0","3","1","0","0","1","300","245","51","4","0","0","0","0","0","0","4","304","304","0","0","0","0","0","0","304","304","0","0","301","3","0","50","79","82","53","32","6","0","1","1","0","53","22","32","45","31","19","3","2","18","2","2","0","0","0","0","30","21","12","2","1","0","47","37","22","13","3","0","32","32","17","4","3","0","0","15","4","1","1","0","0","203","0","76","0","23","0","301","0","0","1","301","297","0","3","1","0","0","1","298","244","50","4","0","4","302","302","0","0","0","0","0","0","302","302","0","0","299","3","0","0","0","0","0","0","0","0","0","0","0","0","0","0","0","0","0","0","0","0","0","0","0","0","0","0","0","0","0","0","0","0","0","0","0","0","0","0","0","0","1","0","1","0","0","0","2","0","0","0","2","2","0","0","0","0","0","0","2","1","1","0","0","0","2","2","0","0","0","0","0","0","2","2","0","0","2","0","0","303","0","0","1","303","299","0","3","1","0","0","1","300","0","0","0","0","0","0","0","0","0","0","0","0",NA,231,220,"Mulheres"
"18",250970105000018,2,"Região Nordeste",25,"Paraiba",2502,"Borborema",25010,"Cariri Ocidental","00","Municípios não pertencentes a estrutura de RM",2509701,"MONTEIRO",250970105,"MONTEIRO",25097010500,"MONTEIRO",2509701000,"MONTEIRO (todos os setores)",1,0,232,730,3.15,2.39,407.88,171443.09,482.79,166739.97,236.02,114133.21,414.25,126526.01,NA,1,235,232,"231","0","1","159","1","60","0","10","2","225","2","0","5","232","168","5","48","2","0","9","0","215","202","12","1","0","0","0","0","0","0","17","228","226","2","3","0","1","0","0","228","226","2","4","222","3","1","35","46","68","44","23","8","4","4","0","0","31","19","24","46","32","19","5","6","17","1","1","0","0","0","0","23","20","8","2","0","0","22","22","12","4","3","2","18","13","8","3","0","0","0","9","3","0","1","0","0","158","1","60","0","10","2","224","2","0","5","231","167","5","48","2","0","9","0","214","201","12","1","0","17","227","225","2","3","0","1","0","0","227","225","2","4","221","3","1","0","0","0","0","0","0","0","0","0","0","0","0","0","0","0","0","0","0","0","0","0","0","0","0","0","0","0","0","0","0","0","0","0","0","0","0","0","0","0","1","0","0","0","0","0","1","0","0","0","1","1","0","0","0","0","0","0","1","1","0","0","0","0","1","1","0","0","0","0","0","0","1","1","0","0","1","0","0","223","2","0","3","228","166","5","46","2","0","9","0","212","2","0","0","2","4","2","0","2","0","0","0","0",NA,120,204,"Homens"
"19",250970105000019,2,"Região Nordeste",25,"Paraiba",2502,"Borborema",25010,"Cariri Ocidental","00","Municípios não pertencentes a estrutura de RM",2509701,"MONTEIRO",250970105,"MONTEIRO",25097010500,"MONTEIRO",2509701000,"MONTEIRO (todos os setores)",1,0,321,951,2.96,2.22,559.56,334250.97,596.74,334273.77,340.04,227131.88,509.43,254034.57,NA,1,325,321,"300","3","18","208","1","85","0","27","0","309","3","0","9","320","282","0","29","0","0","9","1","320","278","40","1","1","0","0","0","0","0","1","318","318","0","1","0","2","0","0","320","320","0","1","314","6","0","55","80","89","40","42","8","5","2","0","0","47","29","51","59","26","27","4","1","27","1","1","0","0","0","0","50","28","5","7","0","0","29","30","14","15","4","6","28","16","9","2","0","0","0","13","2","2","1","1","0","199","1","73","0","27","0","288","3","0","9","299","263","0","28","0","0","8","1","299","263","34","1","1","1","297","297","0","1","0","2","0","0","299","299","0","1","296","3","0","0","0","3","0","0","0","3","0","0","0","3","3","0","0","0","0","0","0","3","3","0","0","0","0","3","3","0","0","0","0","0","0","3","3","0","0","3","0","0","9","0","9","0","0","0","18","0","0","0","18","16","0","1","0","0","1","0","18","12","6","0","0","0","18","18","0","0","0","0","0","0","18","18","0","0","15","3","0","306","3","0","9","317","281","0","27","0","0","9","1","317","3","0","0","0","3","1","0","2","0","0","0","0",NA,172,287,"Homens"
"20",250970105000020,2,"Região Nordeste",25,"Paraiba",2502,"Borborema",25010,"Cariri Ocidental","00","Municípios não pertencentes a estrutura de RM",2509701,"MONTEIRO",250970105,"MONTEIRO",25097010500,"MONTEIRO",2509701000,"MONTEIRO (todos os setores)",1,0,280,998,3.56,3.66,378.88,1934959.61,451.43,2274175.49,213.75,757560.61,372.57,1262465.13,NA,1,280,280,"278","2","0","203","7","61","0","9","0","267","0","0","13","274","218","28","27","1","0","0","6","270","268","2","0","0","0","0","0","0","0","10","280","280","0","0","0","0","0","0","272","272","0","8","263","7","2","37","55","57","55","39","13","13","6","3","2","24","29","19","7","10","13","0","3","25","4","0","0","0","0","0","15","2","1","1","0","0","36","50","45","26","13","21","12","30","22","10","4","2","1","6","2","3","1","0","0","202","7","60","0","9","0","265","0","0","13","272","216","28","27","1","0","0","6","268","266","2","0","0","10","278","278","0","0","0","0","0","0","270","270","0","8","263","5","2","1","0","1","0","0","0","2","0","0","0","2","2","0","0","0","0","0","0","2","2","0","0","0","0","2","2","0","0","0","0","0","0","2","2","0","0","0","2","0","0","0","0","0","0","0","0","0","0","0","0","0","0","0","0","0","0","0","0","0","0","0","0","0","0","0","0","0","0","0","0","0","0","0","0","0","0","0","0","267","0","0","13","274","218","28","27","1","0","0","6","270","0","0","0","0","0","0","0","0","0","0","0","0",NA,284,100,"Mulheres"
"21",250970105000021,2,"Região Nordeste",25,"Paraiba",2502,"Borborema",25010,"Cariri Ocidental","00","Municípios não pertencentes a estrutura de RM",2509701,"MONTEIRO",250970105,"MONTEIRO",25097010500,"MONTEIRO",2509701000,"MONTEIRO (todos os setores)",1,0,210,703,3.35,2.49,300.92,63292.93,355.02,55420.97,197.29,58725.65,350.45,50612.61,NA,1,210,210,"210","0","0","174","0","30","0","6","0","204","0","0","6","209","49","4","112","44","0","0","1","208","201","7","0","0","0","0","0","0","0","2","210","210","0","0","0","0","0","0","209","209","0","1","209","0","0","22","47","53","45","22","11","8","2","0","0","14","18","15","26","23","11","6","5","13","2","2","1","0","0","0","13","6","4","1","1","0","32","27","22","11","5","5","9","30","11","5","3","1","1","2","2","1","0","0","0","174","0","30","0","6","0","204","0","0","6","209","49","4","112","44","0","0","1","208","201","7","0","0","2","210","210","0","0","0","0","0","0","209","209","0","1","209","0","0","0","0","0","0","0","0","0","0","0","0","0","0","0","0","0","0","0","0","0","0","0","0","0","0","0","0","0","0","0","0","0","0","0","0","0","0","0","0","0","0","0","0","0","0","0","0","0","0","0","0","0","0","0","0","0","0","0","0","0","0","0","0","0","0","0","0","0","0","0","0","0","0","0","0","0","0","0","0","204","0","0","6","209","49","4","112","44","0","0","1","208","0","0","0","0","0","0","0","0","0","0","0","0",NA,167,129,"Mulheres"
"22",250970105000022,2,"Região Nordeste",25,"Paraiba",2502,"Borborema",25010,"Cariri Ocidental","00","Municípios não pertencentes a estrutura de RM",2509701,"MONTEIRO",250970105,"MONTEIRO",25097010500,"MONTEIRO",2509701000,"MONTEIRO (todos os setores)",8,0,115,355,3.09,2.5,457.53,598154.8,482.72,619115.78,257.61,309004.79,408.48,429005.48,NA,8,115,115,"115","0","0","85","0","0","8","22","0","1","23","29","62","32","0","2","29","0","0","1","83","29","25","4","0","0","0","0","0","0","0","86","0","0","0","87","1","22","4","1","115","115","0","0","104","10","1","20","27","26","19","14","7","1","1","0","0","8","21","22","23","13","12","7","1","16","5","0","0","0","0","0","17","8","2","2","1","0","5","3","6","2","0","1","4","2","1","4","1","0","0","3","1","0","0","0","0","85","0","0","8","22","0","1","23","29","62","32","0","2","29","0","0","1","83","29","25","4","0","0","86","0","0","0","87","1","22","4","1","115","115","0","0","104","10","1","0","0","0","0","0","0","0","0","0","0","0","0","0","0","0","0","0","0","0","0","0","0","0","0","0","0","0","0","0","0","0","0","0","0","0","0","0","0","0","0","0","0","0","0","0","0","0","0","0","0","0","0","0","0","0","0","0","0","0","0","0","0","0","0","0","0","0","0","0","0","0","0","0","0","0","0","0","0","0","0","0","0","0","0","0","0","0","0","0","0","0","1","23","29","62","32","0","2","29","0","0","1","83",NA,33,129,"Homens"
"23",250970105000023,2,"Região Nordeste",25,"Paraiba",2502,"Borborema",25010,"Cariri Ocidental","00","Municípios não pertencentes a estrutura de RM",2509701,"MONTEIRO",250970105,"MONTEIRO",25097010500,"MONTEIRO",2509701000,"MONTEIRO (todos os setores)",8,0,27,83,3.07,2.99,484.89,179649.03,595.09,153719.52,336.67,172283.56,523.71,169990.94,NA,8,27,27,"27","0","0","19","0","0","1","7","0","5","1","7","14","10","0","0","6","2","0","2","17","8","7","1","0","0","0","0","0","0","0","19","0","0","0","20","0","7","0","0","27","27","0","0","25","2","0","6","5","7","3","3","2","1","0","0","0","1","5","5","5","3","1","2","1","5","0","0","0","0","0","0","5","3","1","0","0","0","0","2","0","2","0","0","1","0","1","0","0","0","0","0","0","0","0","0","0","19","0","0","1","7","0","5","1","7","14","10","0","0","6","2","0","2","17","8","7","1","0","0","19","0","0","0","20","0","7","0","0","27","27","0","0","25","2","0","0","0","0","0","0","0","0","0","0","0","0","0","0","0","0","0","0","0","0","0","0","0","0","0","0","0","0","0","0","0","0","0","0","0","0","0","0","0","0","0","0","0","0","0","0","0","0","0","0","0","0","0","0","0","0","0","0","0","0","0","0","0","0","0","0","0","0","0","0","0","0","0","0","0","0","0","0","0","0","0","0","0","0","0","0","0","0","0","0","0","0","5","1","7","14","10","0","0","6","2","0","2","17",NA,6,31,"Homens"
"24",250970105000024,2,"Região Nordeste",25,"Paraiba",2502,"Borborema",25010,"Cariri Ocidental","00","Municípios não pertencentes a estrutura de RM",2509701,"MONTEIRO",250970105,"MONTEIRO",25097010500,"MONTEIRO",2509701000,"MONTEIRO (todos os setores)",8,0,168,554,3.3,2.56,427.51,158707.01,460.39,155756.33,259.13,117962.03,387.5,126682.4,NA,8,168,168,"168","0","0","138","0","0","2","27","1","0","51","6","111","119","0","3","97","18","0","1","49","118","117","0","0","0","1","0","0","0","0","50","2","0","2","145","0","21","0","0","166","166","0","2","150","1","15","22","34","41","38","20","6","3","4","0","0","14","15","19","23","22","7","2","5","11","3","1","0","0","0","0","16","8","5","1","0","0","15","18","16","13","4","2","11","15","7","6","3","1","0","0","2","0","1","0","0","138","0","0","2","27","1","0","51","6","111","119","0","3","97","18","0","1","49","118","117","0","0","1","50","2","0","2","145","0","21","0","0","166","166","0","2","150","1","15","0","0","0","0","0","0","0","0","0","0","0","0","0","0","0","0","0","0","0","0","0","0","0","0","0","0","0","0","0","0","0","0","0","0","0","0","0","0","0","0","0","0","0","0","0","0","0","0","0","0","0","0","0","0","0","0","0","0","0","0","0","0","0","0","0","0","0","0","0","0","0","0","0","0","0","0","0","0","0","1","0","1","2","0","0","2","0","0","0","0","2","0","50","6","110","117","0","3","95","18","0","1","49",NA,114,123,"Homens"
"25",250970105000025,2,"Região Nordeste",25,"Paraiba",2502,"Borborema",25010,"Cariri Ocidental","00","Municípios não pertencentes a estrutura de RM",2509701,"MONTEIRO",250970105,"MONTEIRO",25097010500,"MONTEIRO",2509701000,"MONTEIRO (todos os setores)",8,0,163,501,3.07,2.13,402.72,147006.25,465.55,140645.06,255.65,106266.55,412.25,106802.55,NA,8,163,163,"163","0","0","130","0","1","9","23","0","11","77","0","75","108","0","4","95","7","0","2","55","92","83","8","1","0","0","0","0","0","0","71","0","0","0","132","1","27","0","3","161","161","0","2","150","10","1","18","46","44","35","7","9","3","0","1","0","10","15","35","35","30","6","7","2","12","1","2","0","0","0","0","34","15","11","0","1","0","11","9","5","1","2","2","6","8","4","0","0","0","0","3","1","0","0","0","0","130","0","1","9","23","0","11","77","0","75","108","0","4","95","7","0","2","55","92","83","8","1","0","71","0","0","0","132","1","27","0","3","161","161","0","2","150","10","1","0","0","0","0","0","0","0","0","0","0","0","0","0","0","0","0","0","0","0","0","0","0","0","0","0","0","0","0","0","0","0","0","0","0","0","0","0","0","0","0","0","0","0","0","0","0","0","0","0","0","0","0","0","0","0","0","0","0","0","0","0","0","0","0","0","0","0","0","0","0","0","0","0","0","0","0","0","0","0","0","0","0","0","0","0","0","0","0","0","0","0","11","77","0","75","108","0","4","95","7","0","2","55",NA,52,191,"Homens"
"26",250970105000026,2,"Região Nordeste",25,"Paraiba",2502,"Borborema",25010,"Cariri Ocidental","00","Municípios não pertencentes a estrutura de RM",2509701,"MONTEIRO",250970105,"MONTEIRO",25097010500,"MONTEIRO",2509701000,"MONTEIRO (todos os setores)",8,0,130,410,3.15,2.26,503.57,380017.78,559.52,391029.68,258.44,217532.04,471.81,296869.83,NA,8,130,130,"130","0","0","102","0","0","16","12","0","3","54","1","72","93","0","0","79","13","0","1","37","92","83","8","1","0","0","0","0","0","0","38","1","1","0","100","2","27","0","0","126","126","0","4","124","2","0","20","28","31","25","16","9","1","0","0","0","8","18","17","26","24","14","7","0","14","2","2","0","0","0","0","15","9","5","1","0","0","11","5","1","2","2","1","6","9","4","0","0","0","0","2","0","0","0","0","0","102","0","0","16","12","0","3","54","1","72","93","0","0","79","13","0","1","37","92","83","8","1","0","38","1","1","0","100","2","27","0","0","126","126","0","4","124","2","0","0","0","0","0","0","0","0","0","0","0","0","0","0","0","0","0","0","0","0","0","0","0","0","0","0","0","0","0","0","0","0","0","0","0","0","0","0","0","0","0","0","0","0","0","0","0","0","0","0","0","0","0","0","0","0","0","0","0","0","0","0","0","0","0","0","0","0","0","0","0","0","0","0","0","0","0","0","0","1","0","0","0","1","0","0","1","0","0","0","0","1","2","54","1","72","92","0","0","78","13","0","1","37",NA,43,136,"Homens"
"27",250970105000027,2,"Região Nordeste",25,"Paraiba",2502,"Borborema",25010,"Cariri Ocidental","00","Municípios não pertencentes a estrutura de RM",2509701,"MONTEIRO",250970105,"MONTEIRO",25097010500,"MONTEIRO",2509701000,"MONTEIRO (todos os setores)",8,0,182,612,3.36,2.71,406.3,71447.9,420.15,68044.81,227.49,69392.52,359.78,62127.11,NA,8,182,182,"182","0","0","117","1","0","10","53","1","0","39","8","135","109","0","0","57","52","0","0","73","103","103","0","0","0","0","0","0","0","0","79","0","0","0","169","1","1","0","11","181","181","0","1","172","7","2","23","37","41","42","20","14","3","1","0","1","13","18","31","38","40","19","14","4","14","4","0","0","0","0","0","27","13","11","3","0","1","6","3","2","1","0","1","9","4","2","1","0","0","0","2","1","1","0","0","0","117","1","0","10","53","1","0","39","8","135","109","0","0","57","52","0","0","73","103","103","0","0","0","79","0","0","0","169","1","1","0","11","181","181","0","1","172","7","2","0","0","0","0","0","0","0","0","0","0","0","0","0","0","0","0","0","0","0","0","0","0","0","0","0","0","0","0","0","0","0","0","0","0","0","0","0","0","0","0","0","0","0","0","0","0","0","0","0","0","0","0","0","0","0","0","0","0","0","0","0","0","0","0","0","0","0","0","0","0","0","0","0","0","0","0","0","0","0","0","0","0","0","0","0","0","0","0","0","0","0","0","39","8","135","109","0","0","57","52","0","0","73",NA,33,219,"Homens"
"28",250970105000028,2,"Região Nordeste",25,"Paraiba",2502,"Borborema",25010,"Cariri Ocidental","00","Municípios não pertencentes a estrutura de RM",2509701,"MONTEIRO",250970105,"MONTEIRO",25097010500,"MONTEIRO",2509701000,"MONTEIRO (todos os setores)",8,0,207,629,3.04,2.21,500.29,485309.38,525.69,496651.69,287.87,285793.3,445.61,372338.66,NA,8,214,207,"207","0","0","152","0","0","14","33","8","0","66","6","135","123","0","0","101","16","0","6","84","98","94","3","0","0","0","0","0","0","1","109","1","1","0","182","1","6","0","17","198","198","0","9","180","14","4","31","51","53","40","23","5","2","0","2","0","18","23","36","38","24","18","4","2","21","1","1","0","0","0","0","35","13","3","1","1","1","15","15","16","5","1","2","10","9","7","5","1","0","0","6","2","0","0","0","0","152","0","0","14","33","8","0","66","6","135","123","0","0","101","16","0","6","84","98","94","3","0","1","109","1","1","0","182","1","6","0","17","198","198","0","9","180","14","4","0","0","0","0","0","0","0","0","0","0","0","0","0","0","0","0","0","0","0","0","0","0","0","0","0","0","0","0","0","0","0","0","0","0","0","0","0","0","0","0","0","0","0","0","0","0","0","0","0","0","0","0","0","0","0","0","0","0","0","0","0","0","0","0","0","0","0","0","0","0","0","0","0","0","0","0","0","0","0","0","0","1","1","0","0","1","0","0","0","0","1","0","66","6","134","122","0","0","100","16","0","6","84",NA,94,199,"Homens"
"29",250970105000029,2,"Região Nordeste",25,"Paraiba",2502,"Borborema",25010,"Cariri Ocidental","00","Municípios não pertencentes a estrutura de RM",2509701,"MONTEIRO",250970105,"MONTEIRO",25097010500,"MONTEIRO",2509701000,"MONTEIRO (todos os setores)",8,0,229,726,3.17,2.35,387.03,160809,420.04,160658.27,231.97,101789.42,360.39,111884.63,NA,8,229,229,"228","0","0","199","0","0","3","26","1","0","48","13","168","83","0","3","65","11","0","4","146","80","75","3","2","0","0","0","0","0","0","149","0","0","0","200","0","28","0","1","225","225","0","4","224","0","1","31","46","67","48","23","8","5","0","0","1","15","23","18","34","26","12","1","2","21","1","1","0","0","0","0","17","12","8","0","0","0","28","33","22","11","7","4","10","25","12","5","3","1","0","3","2","0","0","0","0","198","0","0","3","26","1","0","48","13","167","83","0","3","65","11","0","4","145","80","75","3","2","0","148","0","0","0","200","0","27","0","1","224","224","0","4","223","0","1","0","0","0","0","0","0","0","0","0","0","0","0","0","0","0","0","0","0","0","0","0","0","0","0","0","0","0","0","0","0","0","0","0","0","0","0","0","0","0","0","0","0","0","0","0","0","0","0","0","0","0","0","0","0","0","0","0","0","0","0","0","0","0","0","0","0","0","0","0","0","0","0","0","0","0","0","0","0","0","0","0","0","0","0","0","0","0","0","0","0","0","0","48","13","168","83","0","3","65","11","0","4","146",NA,166,153,"Mulheres"
"30",250970105000030,2,"Região Nordeste",25,"Paraiba",2502,"Borborema",25010,"Cariri Ocidental","00","Municípios não pertencentes a estrutura de RM",2509701,"MONTEIRO",250970105,"MONTEIRO",25097010500,"MONTEIRO",2509701000,"MONTEIRO (todos os setores)",8,0,67,221,3.3,2.7,642.09,1548964.78,693.87,1639410.47,324.75,604641.1,524.39,873862.37,NA,8,67,67,"65","2","0","53","0","0","8","6","0","0","20","9","38","34","0","3","29","1","0","1","33","26","23","3","0","0","0","0","0","0","0","41","0","0","0","61","0","6","0","0","65","65","0","2","61","0","4","11","11","15","17","7","3","2","1","0","0","4","9","10","10","15","6","2","2","7","2","0","0","0","0","0","8","6","0","0","0","0","1","5","2","1","1","1","4","1","2","0","0","0","0","0","0","0","0","0","0","51","0","0","8","6","0","0","20","9","36","33","0","3","28","1","0","1","32","25","22","3","0","0","40","0","0","0","60","0","5","0","0","63","63","0","2","59","0","4","2","0","0","0","0","0","0","0","0","2","1","0","0","1","0","0","0","1","1","1","0","0","0","1","0","0","0","1","0","1","0","0","2","2","0","0","2","0","0","0","0","0","0","0","0","0","0","0","0","0","0","0","0","0","0","0","0","0","0","0","0","0","0","0","0","0","0","0","0","0","0","0","0","0","0","0","0","0","0","0","0","0","0","0","0","0","0","0","0","0","0","0","20","9","38","34","0","3","29","1","0","1","33",NA,18,68,"Homens"
"31",250970105000031,2,"Região Nordeste",25,"Paraiba",2502,"Borborema",25010,"Cariri Ocidental","00","Municípios não pertencentes a estrutura de RM",2509701,"MONTEIRO",250970105,"MONTEIRO",25097010500,"MONTEIRO",2509701000,"MONTEIRO (todos os setores)",8,0,147,474,3.22,4.35,489.9,289878.74,503.6,291094.66,277.49,195645.98,429.79,237730.16,NA,8,147,147,"147","0","0","108","0","2","23","13","1","0","45","26","76","89","0","2","77","9","0","1","58","76","70","5","1","0","0","0","0","0","0","71","2","0","2","141","0","4","0","0","144","144","0","3","127","15","2","21","39","35","20","21","6","3","1","0","1","6","20","33","34","16","18","6","4","15","4","1","0","0","0","0","29","20","3","2","0","0","6","1","4","3","0","1","6","6","0","0","0","0","0","0","0","0","0","0","0","108","0","2","23","13","1","0","45","26","76","89","0","2","77","9","0","1","58","76","70","5","1","0","71","2","0","2","141","0","4","0","0","144","144","0","3","127","15","2","0","0","0","0","0","0","0","0","0","0","0","0","0","0","0","0","0","0","0","0","0","0","0","0","0","0","0","0","0","0","0","0","0","0","0","0","0","0","0","0","0","0","0","0","0","0","0","0","0","0","0","0","0","0","0","0","0","0","0","0","0","0","0","0","0","0","0","0","0","0","0","0","0","0","0","0","0","0","0","2","0","0","1","0","0","1","0","0","0","1","1","0","43","26","76","88","0","2","76","9","0","1","57",NA,27,185,"Homens"
"32",250970105000032,2,"Região Nordeste",25,"Paraiba",2502,"Borborema",25010,"Cariri Ocidental","00","Municípios não pertencentes a estrutura de RM",2509701,"MONTEIRO",250970105,"MONTEIRO",25097010500,"MONTEIRO",2509701000,"MONTEIRO (todos os setores)",8,0,101,290,2.87,2.35,338.72,40493.76,360.12,35292.55,213.66,48279.41,322.41,37726.99,NA,8,102,101,"101","0","0","85","0","0","3","13","0","0","47","5","49","41","0","0","26","15","0","0","60","41","41","0","0","0","0","0","0","0","0","60","0","0","0","76","0","25","0","0","101","101","0","0","101","0","0","22","21","26","21","7","2","0","1","1","0","10","15","11","20","15","6","1","2","15","0","0","0","0","0","0","11","8","3","1","0","0","10","6","6","1","1","0","7","7","2","1","0","0","0","3","0","0","0","0","0","85","0","0","3","13","0","0","47","5","49","41","0","0","26","15","0","0","60","41","41","0","0","0","60","0","0","0","76","0","25","0","0","101","101","0","0","101","0","0","0","0","0","0","0","0","0","0","0","0","0","0","0","0","0","0","0","0","0","0","0","0","0","0","0","0","0","0","0","0","0","0","0","0","0","0","0","0","0","0","0","0","0","0","0","0","0","0","0","0","0","0","0","0","0","0","0","0","0","0","0","0","0","0","0","0","0","0","0","0","0","0","0","0","0","0","0","0","0","0","0","0","0","0","0","0","0","0","0","0","0","0","47","5","49","41","0","0","26","15","0","0","60",NA,44,93,"Homens"
"33",250970105000033,2,"Região Nordeste",25,"Paraiba",2502,"Borborema",25010,"Cariri Ocidental","00","Municípios não pertencentes a estrutura de RM",2509701,"MONTEIRO",250970105,"MONTEIRO",25097010500,"MONTEIRO",2509701000,"MONTEIRO (todos os setores)",8,0,74,236,3.19,3.2,411.65,153939.77,483.52,145937.77,229.87,106642.42,462.13,107067.1,NA,8,74,74,"73","0","0","51","4","1","10","7","1","1","11","6","56","63","0","0","51","12","0","0","11","58","57","1","0","0","0","0","0","0","0","16","0","0","0","64","1","9","0","0","73","73","0","1","71","1","1","15","10","21","15","8","2","1","0","1","1","11","10","6","17","11","7","2","3","7","1","2","0","0","0","0","5","7","1","1","0","0","4","4","4","1","0","0","8","3","2","0","1","0","0","1","2","0","0","0","0","51","4","1","9","7","1","1","11","6","55","62","0","0","51","11","0","0","11","58","57","1","0","0","15","0","0","0","63","1","9","0","0","72","72","0","1","70","1","1","0","0","0","0","0","0","0","0","0","0","0","0","0","0","0","0","0","0","0","0","0","0","0","0","0","0","0","0","0","0","0","0","0","0","0","0","0","0","0","0","0","0","0","0","0","0","0","0","0","0","0","0","0","0","0","0","0","0","0","0","0","0","0","0","0","0","0","0","0","0","0","0","0","0","0","0","0","0","0","0","0","0","0","0","0","0","0","0","0","0","0","1","11","6","56","63","0","0","51","12","0","0","11",NA,30,70,"Homens"
"34",250970105000034,2,"Região Nordeste",25,"Paraiba",2502,"Borborema",25010,"Cariri Ocidental","00","Municípios não pertencentes a estrutura de RM",2509701,"MONTEIRO",250970105,"MONTEIRO",25097010500,"MONTEIRO",2509701000,"MONTEIRO (todos os setores)",8,0,56,215,3.84,2.86,476.07,25878.83,476.07,25878.83,298.53,152921.45,433.8,163615.72,NA,8,56,56,"56","0","0","45","0","0","7","4","0","0","25","1","30","37","0","1","35","1","0","0","19","37","36","1","0","0","0","0","0","0","0","19","1","0","1","46","0","9","0","0","56","56","0","0","53","2","1","3","12","10","9","15","4","2","0","1","0","4","3","8","6","9","13","4","3","2","1","0","0","0","0","0","7","3","0","4","0","1","4","4","0","2","0","0","1","3","0","0","0","0","0","1","2","0","0","0","0","45","0","0","7","4","0","0","25","1","30","37","0","1","35","1","0","0","19","37","36","1","0","0","19","1","0","1","46","0","9","0","0","56","56","0","0","53","2","1","0","0","0","0","0","0","0","0","0","0","0","0","0","0","0","0","0","0","0","0","0","0","0","0","0","0","0","0","0","0","0","0","0","0","0","0","0","0","0","0","0","0","0","0","0","0","0","0","0","0","0","0","0","0","0","0","0","0","0","0","0","0","0","0","0","0","0","0","0","0","0","0","0","0","0","0","0","0","0","1","0","0","1","0","0","1","0","0","0","0","1","0","24","1","30","36","0","1","34","1","0","0","19",NA,17,61,"Homens"
"35",250970105000035,2,"Região Nordeste",25,"Paraiba",2502,"Borborema",25010,"Cariri Ocidental","00","Municípios não pertencentes a estrutura de RM",2509701,"MONTEIRO",250970105,"MONTEIRO",25097010500,"MONTEIRO",2509701000,"MONTEIRO (todos os setores)",8,0,193,607,3.15,2.04,416.74,83083.96,470.36,68469.11,244.15,78417.88,412.58,62977.31,NA,8,193,193,"193","0","0","173","1","1","9","9","0","1","14","14","164","186","0","0","116","4","0","66","7","126","123","3","0","0","0","0","0","0","0","67","0","0","0","164","2","26","1","0","191","191","0","2","189","1","1","22","45","57","40","15","10","3","1","0","0","14","15","32","44","35","12","6","4","13","2","0","0","0","0","0","30","14","4","0","0","0","13","13","5","3","4","0","9","10","4","1","0","0","0","3","2","0","0","0","0","173","1","1","9","9","0","1","14","14","164","186","0","0","116","4","0","66","7","126","123","3","0","0","67","0","0","0","164","2","26","1","0","191","191","0","2","189","1","1","0","0","0","0","0","0","0","0","0","0","0","0","0","0","0","0","0","0","0","0","0","0","0","0","0","0","0","0","0","0","0","0","0","0","0","0","0","0","0","0","0","0","0","0","0","0","0","0","0","0","0","0","0","0","0","0","0","0","0","0","0","0","0","0","0","0","0","0","0","0","0","0","0","0","0","0","0","0","0","0","0","0","0","0","0","0","0","0","0","0","0","1","14","14","164","186","0","0","116","4","0","66","7",NA,67,196,"Homens"
"36",250970105000036,2,"Região Nordeste",25,"Paraiba",2502,"Borborema",25010,"Cariri Ocidental","00","Municípios não pertencentes a estrutura de RM",2509701,"MONTEIRO",250970105,"MONTEIRO",25097010500,"MONTEIRO",2509701000,"MONTEIRO (todos os setores)",8,0,106,357,3.37,2.98,350.24,106694.51,399.19,102014.88,217.17,84518.82,373,87053.61,NA,8,106,106,"106","0","0","87","0","0","9","10","0","0","35","1","70","44","0","1","43","0","0","0","62","40","40","0","0","0","0","0","0","0","0","66","0","0","0","89","0","2","0","15","103","103","0","3","101","2","0","12","26","24","20","14","3","4","2","1","0","9","6","20","16","19","11","2","6","5","1","0","0","0","0","0","19","9","3","1","0","0","6","8","1","3","1","1","7","5","1","1","0","0","0","1","1","0","0","0","0","87","0","0","9","10","0","0","35","1","70","44","0","1","43","0","0","0","62","40","40","0","0","0","66","0","0","0","89","0","2","0","15","103","103","0","3","101","2","0","0","0","0","0","0","0","0","0","0","0","0","0","0","0","0","0","0","0","0","0","0","0","0","0","0","0","0","0","0","0","0","0","0","0","0","0","0","0","0","0","0","0","0","0","0","0","0","0","0","0","0","0","0","0","0","0","0","0","0","0","0","0","0","0","0","0","0","0","0","0","0","0","0","0","0","0","0","0","0","0","0","0","0","0","0","0","0","0","0","0","0","0","35","1","70","44","0","1","43","0","0","0","62",NA,36,112,"Homens"
"37",250970105000037,2,"Região Nordeste",25,"Paraiba",2502,"Borborema",25010,"Cariri Ocidental","00","Municípios não pertencentes a estrutura de RM",2509701,"MONTEIRO",250970105,"MONTEIRO",25097010500,"MONTEIRO",2509701000,"MONTEIRO (todos os setores)",8,0,195,616,3.16,3.31,467.58,1166331.05,487.59,1206689.86,267.32,494333.14,389.59,673308.53,NA,8,195,195,"195","0","0","147","15","1","7","25","0","1","72","28","94","135","1","0","106","22","0","6","60","128","122","4","2","0","0","0","0","0","0","67","1","1","0","141","2","50","0","1","189","189","0","6","187","0","2","28","49","50","33","20","8","5","1","0","1","10","27","40","45","28","19","5","5","23","2","2","0","0","0","0","38","22","2","1","0","0","9","5","5","1","3","2","5","4","3","1","0","0","0","5","0","0","0","0","0","147","15","1","7","25","0","1","72","28","94","135","1","0","106","22","0","6","60","128","122","4","2","0","67","1","1","0","141","2","50","0","1","189","189","0","6","187","0","2","0","0","0","0","0","0","0","0","0","0","0","0","0","0","0","0","0","0","0","0","0","0","0","0","0","0","0","0","0","0","0","0","0","0","0","0","0","0","0","0","0","0","0","0","0","0","0","0","0","0","0","0","0","0","0","0","0","0","0","0","0","0","0","0","0","0","0","0","0","0","0","0","0","0","0","0","0","0","1","0","0","0","1","1","0","0","0","0","0","0","1","0","72","28","94","134","0","0","106","22","0","6","60",NA,43,232,"Homens"
"38",250970105000038,2,"Região Nordeste",25,"Paraiba",2502,"Borborema",25010,"Cariri Ocidental","00","Municípios não pertencentes a estrutura de RM",2509701,"MONTEIRO",250970105,"MONTEIRO",25097010500,"MONTEIRO",2509701000,"MONTEIRO (todos os setores)",8,0,107,351,3.28,2.2,439.68,257996.97,490.06,262920.94,268.6,137455.67,393.77,152296.53,NA,8,107,107,"107","0","0","86","0","0","7","14","0","0","11","17","79","71","0","1","43","22","1","4","36","69","67","2","0","0","0","0","0","0","0","38","0","0","0","94","0","11","2","0","106","106","0","1","103","3","0","8","28","28","24","12","5","1","0","0","1","5","8","22","23","19","11","3","0","5","2","1","0","0","0","0","20","6","5","1","0","0","6","5","5","1","2","2","3","4","2","1","0","0","0","2","0","0","0","0","0","86","0","0","7","14","0","0","11","17","79","71","0","1","43","22","1","4","36","69","67","2","0","0","38","0","0","0","94","0","11","2","0","106","106","0","1","103","3","0","0","0","0","0","0","0","0","0","0","0","0","0","0","0","0","0","0","0","0","0","0","0","0","0","0","0","0","0","0","0","0","0","0","0","0","0","0","0","0","0","0","0","0","0","0","0","0","0","0","0","0","0","0","0","0","0","0","0","0","0","0","0","0","0","0","0","0","0","0","0","0","0","0","0","0","0","0","0","0","0","0","0","0","0","0","0","0","0","0","0","0","0","11","17","79","71","0","1","43","22","1","4","36",NA,33,118,"Homens"
"39",250970105000039,2,"Região Nordeste",25,"Paraiba",2502,"Borborema",25010,"Cariri Ocidental","00","Municípios não pertencentes a estrutura de RM",2509701,"MONTEIRO",250970105,"MONTEIRO",25097010500,"MONTEIRO",2509701000,"MONTEIRO (todos os setores)",8,0,80,286,3.58,2.88,402.14,68536.65,453.11,53921.04,222.2,70811.76,376.84,61755.96,NA,8,80,80,"80","0","0","76","0","0","0","4","0","0","7","22","51","44","0","15","19","6","0","4","36","39","38","1","0","0","0","0","0","0","0","41","0","0","0","70","0","10","0","0","80","80","0","0","79","0","1","7","22","10","16","13","8","4","0","0","0","5","7","17","10","9","12","6","4","4","3","0","0","0","0","0","14","5","1","3","0","0","5","0","7","1","2","0","3","3","0","1","0","0","0","2","0","0","0","0","0","76","0","0","0","4","0","0","7","22","51","44","0","15","19","6","0","4","36","39","38","1","0","0","41","0","0","0","70","0","10","0","0","80","80","0","0","79","0","1","0","0","0","0","0","0","0","0","0","0","0","0","0","0","0","0","0","0","0","0","0","0","0","0","0","0","0","0","0","0","0","0","0","0","0","0","0","0","0","0","0","0","0","0","0","0","0","0","0","0","0","0","0","0","0","0","0","0","0","0","0","0","0","0","0","0","0","0","0","0","0","0","0","0","0","0","0","0","0","0","0","0","0","0","0","0","0","0","0","0","0","0","7","22","51","44","0","15","19","6","0","4","36",NA,24,88,"Homens"
"40",250970105000040,2,"Região Nordeste",25,"Paraiba",2502,"Borborema",25010,"Cariri Ocidental","00","Municípios não pertencentes a estrutura de RM",2509701,"MONTEIRO",250970105,"MONTEIRO",25097010500,"MONTEIRO",2509701000,"MONTEIRO (todos os setores)",8,0,328,1136,3.46,3.18,399.3,100355.62,440.98,92424.89,232.28,79545.26,380.8,73840.63,NA,8,328,328,"328","0","0","286","1","0","10","31","0","0","20","67","241","171","0","0","148","8","0","15","157","153","148","5","0","0","0","0","0","0","0","175","1","1","0","259","0","67","0","1","327","327","0","1","303","17","7","36","86","63","52","46","24","12","8","1","0","28","19","70","51","44","43","22","18","15","3","1","0","0","0","0","67","20","8","8","1","1","16","12","8","3","2","3","21","11","3","2","0","0","0","5","2","0","0","0","0","286","1","0","10","31","0","0","20","67","241","171","0","0","148","8","0","15","157","153","148","5","0","0","175","1","1","0","259","0","67","0","1","327","327","0","1","303","17","7","0","0","0","0","0","0","0","0","0","0","0","0","0","0","0","0","0","0","0","0","0","0","0","0","0","0","0","0","0","0","0","0","0","0","0","0","0","0","0","0","0","0","0","0","0","0","0","0","0","0","0","0","0","0","0","0","0","0","0","0","0","0","0","0","0","0","0","0","0","0","0","0","0","0","0","0","0","0","0","0","1","0","1","0","0","1","0","0","0","0","0","0","20","66","241","170","0","0","147","8","0","15","157",NA,88,372,"Homens"
"41",250970105000041,2,"Região Nordeste",25,"Paraiba",2502,"Borborema",25010,"Cariri Ocidental","00","Municípios não pertencentes a estrutura de RM",2509701,"MONTEIRO",250970105,"MONTEIRO",25097010500,"MONTEIRO",2509701000,"MONTEIRO (todos os setores)",8,0,142,498,3.51,2.96,370.62,65563.12,392.75,60751.3,218.29,63400.02,339.03,57512.62,NA,8,143,142,"142","0","0","111","0","0","7","24","0","1","32","25","84","84","0","0","51","31","0","2","58","80","79","1","0","0","0","0","0","0","0","62","0","0","0","97","0","43","0","2","133","133","0","9","133","0","0","18","32","20","30","23","15","2","1","1","0","4","18","24","11","22","18","8","3","15","3","0","0","0","0","0","21","4","5","4","0","0","8","9","8","5","7","1","3","7","1","3","0","0","0","1","0","0","0","0","0","111","0","0","7","24","0","1","32","25","84","84","0","0","51","31","0","2","58","80","79","1","0","0","62","0","0","0","97","0","43","0","2","133","133","0","9","133","0","0","0","0","0","0","0","0","0","0","0","0","0","0","0","0","0","0","0","0","0","0","0","0","0","0","0","0","0","0","0","0","0","0","0","0","0","0","0","0","0","0","0","0","0","0","0","0","0","0","0","0","0","0","0","0","0","0","0","0","0","0","0","0","0","0","0","0","0","0","0","0","0","0","0","0","0","0","0","0","0","0","0","0","0","0","0","0","0","0","0","0","0","1","32","25","84","84","0","0","51","31","0","2","58",NA,53,138,"Homens"
"42",250970105000042,2,"Região Nordeste",25,"Paraiba",2502,"Borborema",25010,"Cariri Ocidental","00","Municípios não pertencentes a estrutura de RM",2509701,"MONTEIRO",250970105,"MONTEIRO",25097010500,"MONTEIRO",2509701000,"MONTEIRO (todos os setores)",8,0,355,1218,3.43,2.72,306.77,70050.24,397.46,54656.83,208.46,67397.38,378.88,57912.21,NA,8,355,355,"355","0","0","339","0","1","0","12","3","2","12","59","282","339","1","2","244","3","1","88","16","296","292","4","0","0","0","0","0","0","0","59","0","0","0","334","0","21","0","0","349","349","0","6","344","0","5","26","89","90","76","36","23","5","4","5","1","33","17","57","55","62","30","17","8","12","2","3","0","0","0","0","55","17","17","3","1","0","32","35","14","6","6","7","14","19","16","4","0","0","0","13","6","0","0","0","0","339","0","1","0","12","3","2","12","59","282","339","1","2","244","3","1","88","16","296","292","4","0","0","59","0","0","0","334","0","21","0","0","349","349","0","6","344","0","5","0","0","0","0","0","0","0","0","0","0","0","0","0","0","0","0","0","0","0","0","0","0","0","0","0","0","0","0","0","0","0","0","0","0","0","0","0","0","0","0","0","0","0","0","0","0","0","0","0","0","0","0","0","0","0","0","0","0","0","0","0","0","0","0","0","0","0","0","0","0","0","0","0","0","0","0","0","0","0","0","0","0","0","0","0","0","0","0","0","0","0","2","12","59","282","339","1","2","244","3","1","88","16",NA,172,339,"Homens"
"43",250970105000043,2,"Região Nordeste",25,"Paraiba",2502,"Borborema",25010,"Cariri Ocidental","00","Municípios não pertencentes a estrutura de RM",2509701,"MONTEIRO",250970105,"MONTEIRO",25097010500,"MONTEIRO",2509701000,"MONTEIRO (todos os setores)",1,0,309,1004,3.25,2.27,426.04,209643.85,510.26,208106.26,264,157145.01,464.43,183424.74,NA,1,310,309,"303","1","5","202","1","94","1","11","0","290","1","0","18","307","167","2","101","37","0","0","2","305","275","29","0","1","0","0","0","0","0","4","305","305","0","3","0","1","0","0","306","306","0","3","305","1","0","30","78","81","59","41","12","5","1","1","1","20","28","36","39","37","24","6","3","18","7","2","0","0","1","0","29","17","8","2","0","0","42","42","22","17","6","5","12","38","16","3","1","0","1","4","4","0","0","0","0","200","1","90","1","11","0","284","1","0","18","301","161","2","101","37","0","0","2","299","270","28","0","1","4","299","299","0","3","0","1","0","0","300","300","0","3","299","1","0","1","0","0","0","0","0","1","0","0","0","1","1","0","0","0","0","0","0","1","1","0","0","0","0","1","1","0","0","0","0","0","0","1","1","0","0","1","0","0","1","0","4","0","0","0","5","0","0","0","5","5","0","0","0","0","0","0","5","4","1","0","0","0","5","5","0","0","0","0","0","0","5","5","0","0","5","0","0","286","1","0","18","303","166","2","98","37","0","0","2","301","4","0","0","0","4","1","0","3","0","0","0","0",NA,213,229,"Homens"
"44",250970105000044,2,"Região Nordeste",25,"Paraiba",2502,"Borborema",25010,"Cariri Ocidental","00","Municípios não pertencentes a estrutura de RM",2509701,"MONTEIRO",250970105,"MONTEIRO",25097010500,"MONTEIRO",2509701000,"MONTEIRO (todos os setores)",1,0,181,522,2.88,2.18,517.89,183198.43,544.99,177985.52,334.07,175301.05,500.55,179341.33,NA,1,181,181,"181","0","0","109","0","47","0","25","0","178","0","0","3","180","179","1","0","0","0","0","1","180","165","13","0","1","1","0","0","0","0","1","180","156","24","0","0","1","0","0","181","181","0","0","168","9","4","33","50","41","34","13","6","3","1","0","0","34","16","23","22","20","11","2","2","13","3","0","0","0","0","0","20","11","8","1","0","0","27","19","14","2","4","2","20","17","5","4","0","0","0","10","3","0","0","0","1","109","0","47","0","25","0","178","0","0","3","180","179","1","0","0","0","0","1","180","165","13","0","2","1","180","156","24","0","0","1","0","0","181","181","0","0","168","9","4","0","0","0","0","0","0","0","0","0","0","0","0","0","0","0","0","0","0","0","0","0","0","0","0","0","0","0","0","0","0","0","0","0","0","0","0","0","0","0","0","0","0","0","0","0","0","0","0","0","0","0","0","0","0","0","0","0","0","0","0","0","0","0","0","0","0","0","0","0","0","0","0","0","0","0","0","0","0","177","0","0","3","179","178","1","0","0","0","0","1","179","1","0","0","0","1","1","0","0","0","0","0","0",NA,128,136,"Homens"
"45",250970105000045,2,"Região Nordeste",25,"Paraiba",2502,"Borborema",25010,"Cariri Ocidental","00","Municípios não pertencentes a estrutura de RM",2509701,"MONTEIRO",250970105,"MONTEIRO",25097010500,"MONTEIRO",2509701000,"MONTEIRO (todos os setores)",1,0,239,761,3.18,2.96,369.79,105163.75,470.11,86432.52,217.7,83844.01,452.57,67956.37,NA,1,249,239,"239","0","0","148","0","67","0","24","0","230","2","0","7","238","234","0","4","0","0","0","1","237","227","9","0","0","1","0","0","0","0","2","239","239","0","0","0","0","0","0","239","239","0","0","236","2","1","35","57","61","41","27","8","4","4","0","2","42","13","26","35","30","22","5","5","11","2","0","0","0","0","0","24","13","9","3","0","0","31","26","11","5","3","5","24","18","12","1","0","0","0","13","5","0","0","0","0","148","0","67","0","24","0","230","2","0","7","238","234","0","4","0","0","0","1","237","227","9","0","1","2","239","239","0","0","0","0","0","0","239","239","0","0","236","2","1","0","0","0","0","0","0","0","0","0","0","0","0","0","0","0","0","0","0","0","0","0","0","0","0","0","0","0","0","0","0","0","0","0","0","0","0","0","0","0","0","0","0","0","0","0","0","0","0","0","0","0","0","0","0","0","0","0","0","0","0","0","0","0","0","0","0","0","0","0","0","0","0","0","0","0","0","0","0","230","2","0","7","238","234","0","4","0","0","0","1","237","0","0","0","0","0","0","0","0","0","0","0","0",NA,154,185,"Homens"
"46",250970105000046,2,"Região Nordeste",25,"Paraiba",2502,"Borborema",25010,"Cariri Ocidental","00","Municípios não pertencentes a estrutura de RM",2509701,"MONTEIRO",250970105,"MONTEIRO",25097010500,"MONTEIRO",2509701000,"MONTEIRO (todos os setores)",1,0,210,660,3.14,1.93,776.04,12354996.18,964.31,15187573.11,489.26,4918850.45,766.84,7504040.2,NA,1,210,210,"210","0","0","117","0","74","1","15","3","208","1","0","1","207","172","0","34","1","0","0","3","205","156","46","3","0","0","0","0","0","0","5","210","210","0","0","0","0","0","0","210","210","0","0","193","7","10","15","64","54","47","20","8","0","0","1","1","24","7","24","17","18","9","3","1","5","2","0","0","0","0","0","22","9","5","0","0","0","40","37","29","11","5","1","10","29","21","7","1","0","0","11","2","0","1","0","0","117","0","74","1","15","3","208","1","0","1","207","172","0","34","1","0","0","3","205","156","46","3","0","5","210","210","0","0","0","0","0","0","210","210","0","0","193","7","10","0","0","0","0","0","0","0","0","0","0","0","0","0","0","0","0","0","0","0","0","0","0","0","0","0","0","0","0","0","0","0","0","0","0","0","0","0","0","0","0","0","0","0","0","0","0","0","0","0","0","0","0","0","0","0","0","0","0","0","0","0","0","0","0","0","0","0","0","0","0","0","0","0","0","0","0","0","0","208","1","0","1","207","172","0","34","1","0","0","3","205","0","0","0","0","0","0","0","0","0","0","0","0",NA,205,115,"Mulheres"
"47",250970105000047,2,"Região Nordeste",25,"Paraiba",2502,"Borborema",25010,"Cariri Ocidental","00","Municípios não pertencentes a estrutura de RM",2509701,"MONTEIRO",250970105,"MONTEIRO",25097010500,"MONTEIRO",2509701000,"MONTEIRO (todos os setores)",1,0,197,674,3.42,2.25,274.3,114322.07,486.83,99297.63,190.82,191328.88,492.07,345857.7,NA,1,200,197,"197","0","0","135","0","44","0","18","0","189","1","1","6","194","166","0","27","1","0","0","3","192","171","19","2","0","0","0","0","0","0","5","196","196","0","1","0","0","0","0","195","195","0","2","194","0","1","13","40","62","44","21","12","0","3","2","0","17","8","16","31","20","13","4","0","6","2","0","0","0","0","0","14","18","6","1","0","0","24","31","24","8","8","5","7","17","15","5","2","0","0","7","2","1","0","0","0","135","0","44","0","18","0","189","1","1","6","194","166","0","27","1","0","0","3","192","171","19","2","0","5","196","196","0","1","0","0","0","0","195","195","0","2","194","0","1","0","0","0","0","0","0","0","0","0","0","0","0","0","0","0","0","0","0","0","0","0","0","0","0","0","0","0","0","0","0","0","0","0","0","0","0","0","0","0","0","0","0","0","0","0","0","0","0","0","0","0","0","0","0","0","0","0","0","0","0","0","0","0","0","0","0","0","0","0","0","0","0","0","0","0","0","0","0","188","1","1","6","193","166","0","26","1","0","0","3","191","1","0","0","0","1","0","0","1","0","0","0","0",NA,156,131,"Mulheres"
"48",250970105000048,2,"Região Nordeste",25,"Paraiba",2502,"Borborema",25010,"Cariri Ocidental","00","Municípios não pertencentes a estrutura de RM",2509701,"MONTEIRO",250970105,"MONTEIRO",25097010500,"MONTEIRO",2509701000,"MONTEIRO (todos os setores)",1,0,236,848,3.59,3.37,385.18,119856.69,443.42,112115.72,214.07,83295.35,363.33,87151.59,NA,1,236,236,"236","0","0","157","2","40","1","36","0","199","1","0","36","235","16","73","143","1","0","2","1","234","217","13","2","1","1","0","0","0","0","2","236","235","1","0","0","0","0","0","235","235","0","1","230","3","2","31","39","54","46","32","18","5","9","2","0","20","24","26","42","32","28","12","12","21","3","0","0","0","0","0","23","21","7","3","0","0","13","12","14","4","6","4","10","8","3","1","0","0","1","5","2","2","1","0","0","157","2","40","1","36","0","199","1","0","36","235","16","73","143","1","0","2","1","234","217","13","2","2","2","236","235","1","0","0","0","0","0","235","235","0","1","230","3","2","0","0","0","0","0","0","0","0","0","0","0","0","0","0","0","0","0","0","0","0","0","0","0","0","0","0","0","0","0","0","0","0","0","0","0","0","0","0","0","0","0","0","0","0","0","0","0","0","0","0","0","0","0","0","0","0","0","0","0","0","0","0","0","0","0","0","0","0","0","0","0","0","0","0","0","0","0","0","199","1","0","36","235","16","73","143","1","0","2","1","234","0","0","0","0","0","0","0","0","0","0","0","0",NA,86,230,"Homens"
"49",250970105000049,2,"Região Nordeste",25,"Paraiba",2502,"Borborema",25010,"Cariri Ocidental","00","Municípios não pertencentes a estrutura de RM",2509701,"MONTEIRO",250970105,"MONTEIRO",25097010500,"MONTEIRO",2509701000,"MONTEIRO (todos os setores)",5,0,44,145,3.3,1.84,344.05,132647.72,398.37,131932.73,216.32,84503.8,373.93,87175.55,NA,5,44,44,"44","0","0","38","0","0","2","3","1","0","8","1","35","42","0","1","40","0","0","1","2","24","23","1","0","0","0","0","0","0","0","20","0","0","0","40","0","4","0","0","42","42","0","2","42","0","0","3","11","11","11","6","1","1","0","0","0","0","3","8","8","8","4","0","1","3","0","0","0","0","0","0","8","4","2","0","0","0","3","3","3","2","1","0","0","3","1","0","0","0","0","0","0","0","0","0","0","38","0","0","2","3","1","0","8","1","35","42","0","1","40","0","0","1","2","24","23","1","0","0","20","0","0","0","40","0","4","0","0","42","42","0","2","42","0","0","0","0","0","0","0","0","0","0","0","0","0","0","0","0","0","0","0","0","0","0","0","0","0","0","0","0","0","0","0","0","0","0","0","0","0","0","0","0","0","0","0","0","0","0","0","0","0","0","0","0","0","0","0","0","0","0","0","0","0","0","0","0","0","0","0","0","0","0","0","0","0","0","0","0","0","0","0","0","0","0","0","0","0","0","0","0","0","0","0","0","0","0","8","1","35","42","0","1","40","0","0","1","2",NA,16,46,"Homens"
"50",250970105000050,2,"Região Nordeste",25,"Paraiba",2502,"Borborema",25010,"Cariri Ocidental","00","Municípios não pertencentes a estrutura de RM",2509701,"MONTEIRO",250970105,"MONTEIRO",25097010500,"MONTEIRO",2509701000,"MONTEIRO (todos os setores)",5,0,15,45,3,1.57,486.67,127307.24,561.54,102978.1,281.57,99792.75,385.85,96388.67,NA,5,15,15,"15","0","0","11","0","1","0","3","0","1","1","2","11","13","0","1","11","0","0","1","2","12","10","2","0","0","0","0","0","0","0","3","6","4","2","4","0","5","0","0","15","15","0","0","15","0","0","2","3","5","3","2","0","0","0","0","0","3","1","2","2","3","1","0","0","1","0","0","0","0","0","0","2","1","0","0","0","0","1","3","0","1","0","0","1","0","0","0","1","0","0","1","1","0","0","0","0","11","0","1","0","3","0","1","1","2","11","13","0","1","11","0","0","1","2","12","10","2","0","0","3","6","4","2","4","0","5","0","0","15","15","0","0","15","0","0","0","0","0","0","0","0","0","0","0","0","0","0","0","0","0","0","0","0","0","0","0","0","0","0","0","0","0","0","0","0","0","0","0","0","0","0","0","0","0","0","0","0","0","0","0","0","0","0","0","0","0","0","0","0","0","0","0","0","0","0","0","0","0","0","0","0","0","0","0","0","0","0","0","0","0","0","0","0","0","0","1","5","4","0","0","4","0","0","0","2","4","1","1","1","6","9","0","1","7","0","0","1","0",NA,9,12,"Homens"
